user_id,name,email,registration_date
user_1,User 1,user1@example.com,2023-08-27T10:54:59.860246
user_2,User 2,user2@example.com,2023-11-02T10:54:59.860258
user_3,User 3,user3@example.com,2024-01-30T10:54:59.860264
user_4,User 4,user4@example.com,2024-01-18T10:54:59.860267
user_5,User 5,user5@example.com,2024-01-14T10:54:59.860270
user_6,User 6,user6@example.com,2024-01-29T10:54:59.860272
user_7,User 7,user7@example.com,2023-12-27T10:54:59.860275
user_8,User 8,user8@example.com,2024-04-12T10:54:59.860277
user_9,User 9,user9@example.com,2024-03-29T10:54:59.860280
user_10,User 10,user10@example.com,2023-10-07T10:54:59.860282
user_11,User 11,user11@example.com,2024-02-27T10:54:59.860285
user_12,User 12,user12@example.com,2023-09-22T10:54:59.860288
user_13,User 13,user13@example.com,2024-05-06T10:54:59.860290
user_14,User 14,user14@example.com,2023-11-13T10:54:59.860293
user_15,User 15,user15@example.com,2024-07-04T10:54:59.860295
user_16,User 16,user16@example.com,2024-03-05T10:54:59.860297
user_17,User 17,user17@example.com,2024-04-12T10:54:59.860300
user_18,User 18,user18@example.com,2024-04-11T10:54:59.860302
user_19,User 19,user19@example.com,2023-10-04T10:54:59.860305
user_20,User 20,user20@example.com,2024-06-26T10:54:59.860307
user_21,User 21,user21@example.com,2024-05-21T10:54:59.860310
user_22,User 22,user22@example.com,2023-07-14T10:54:59.860312
user_23,User 23,user23@example.com,2024-05-15T10:54:59.860315
user_24,User 24,user24@example.com,2023-10-18T10:54:59.860317
user_25,User 25,user25@example.com,2024-01-08T10:54:59.860319
user_26,User 26,user26@example.com,2024-06-21T10:54:59.860322
user_27,User 27,user27@example.com,2024-05-19T10:54:59.860324
user_28,User 28,user28@example.com,2023-07-25T10:54:59.860326
user_29,User 29,user29@example.com,2023-09-20T10:54:59.860329
user_30,User 30,user30@example.com,2023-10-26T10:54:59.860331
user_31,User 31,user31@example.com,2023-08-01T10:54:59.860334
user_32,User 32,user32@example.com,2024-05-30T10:54:59.860336
user_33,User 33,user33@example.com,2023-08-02T10:54:59.860338
user_34,User 34,user34@example.com,2024-05-16T10:54:59.860341
user_35,User 35,user35@example.com,2023-08-09T10:54:59.860343
user_36,User 36,user36@example.com,2024-02-06T10:54:59.860346
user_37,User 37,user37@example.com,2023-10-30T10:54:59.860348
user_38,User 38,user38@example.com,2023-12-05T10:54:59.860350
user_39,User 39,user39@example.com,2024-05-05T10:54:59.860353
user_40,User 40,user40@example.com,2024-05-16T10:54:59.860355
user_41,User 41,user41@example.com,2024-02-25T10:54:59.860358
user_42,User 42,user42@example.com,2024-07-08T10:54:59.860360
user_43,User 43,user43@example.com,2024-06-02T10:54:59.860363
user_44,User 44,user44@example.com,2024-04-24T10:54:59.860365
user_45,User 45,user45@example.com,2023-08-03T10:54:59.860367
user_46,User 46,user46@example.com,2024-03-22T10:54:59.860370
user_47,User 47,user47@example.com,2024-07-07T10:54:59.860372
user_48,User 48,user48@example.com,2023-09-14T10:54:59.860375
user_49,User 49,user49@example.com,2024-06-05T10:54:59.860377
user_50,User 50,user50@example.com,2023-09-02T10:54:59.860379
user_51,User 51,user51@example.com,2023-09-23T10:54:59.860382
user_52,User 52,user52@example.com,2024-07-11T10:54:59.860384
user_53,User 53,user53@example.com,2023-09-06T10:54:59.860387
user_54,User 54,user54@example.com,2024-06-01T10:54:59.860390
user_55,User 55,user55@example.com,2023-10-04T10:54:59.860393
user_56,User 56,user56@example.com,2023-11-12T10:54:59.860395
user_57,User 57,user57@example.com,2023-07-26T10:54:59.860398
user_58,User 58,user58@example.com,2024-01-01T10:54:59.860400
user_59,User 59,user59@example.com,2023-09-20T10:54:59.860403
user_60,User 60,user60@example.com,2023-11-12T10:54:59.860405
user_61,User 61,user61@example.com,2024-02-02T10:54:59.860408
user_62,User 62,user62@example.com,2023-12-13T10:54:59.860410
user_63,User 63,user63@example.com,2024-04-12T10:54:59.860412
user_64,User 64,user64@example.com,2024-04-23T10:54:59.860415
user_65,User 65,user65@example.com,2024-01-15T10:54:59.860417
user_66,User 66,user66@example.com,2024-06-01T10:54:59.860420
user_67,User 67,user67@example.com,2024-07-02T10:54:59.860422
user_68,User 68,user68@example.com,2024-03-14T10:54:59.860424
user_69,User 69,user69@example.com,2023-10-07T10:54:59.860427
user_70,User 70,user70@example.com,2024-04-13T10:54:59.860429
user_71,User 71,user71@example.com,2024-01-31T10:54:59.860431
user_72,User 72,user72@example.com,2023-11-30T10:54:59.860434
user_73,User 73,user73@example.com,2023-12-05T10:54:59.860436
user_74,User 74,user74@example.com,2023-10-10T10:54:59.860438
user_75,User 75,user75@example.com,2024-03-09T10:54:59.860441
user_76,User 76,user76@example.com,2024-02-27T10:54:59.860443
user_77,User 77,user77@example.com,2024-05-08T10:54:59.860446
user_78,User 78,user78@example.com,2023-07-25T10:54:59.860448
user_79,User 79,user79@example.com,2023-10-06T10:54:59.860451
user_80,User 80,user80@example.com,2023-08-20T10:54:59.860453
user_81,User 81,user81@example.com,2023-08-16T10:54:59.860455
user_82,User 82,user82@example.com,2023-09-09T10:54:59.860458
user_83,User 83,user83@example.com,2024-03-12T10:54:59.860460
user_84,User 84,user84@example.com,2023-11-11T10:54:59.860463
user_85,User 85,user85@example.com,2023-10-01T10:54:59.860465
user_86,User 86,user86@example.com,2024-05-19T10:54:59.860468
user_87,User 87,user87@example.com,2023-10-09T10:54:59.860470
user_88,User 88,user88@example.com,2023-10-28T10:54:59.860472
user_89,User 89,user89@example.com,2023-08-17T10:54:59.860475
user_90,User 90,user90@example.com,2024-01-07T10:54:59.860477
user_91,User 91,user91@example.com,2023-12-28T10:54:59.860480
user_92,User 92,user92@example.com,2023-11-04T10:54:59.860482
user_93,User 93,user93@example.com,2024-01-30T10:54:59.860485
user_94,User 94,user94@example.com,2024-02-13T10:54:59.860487
user_95,User 95,user95@example.com,2023-08-15T10:54:59.860490
user_96,User 96,user96@example.com,2023-07-23T10:54:59.860492
user_97,User 97,user97@example.com,2024-01-30T10:54:59.860494
user_98,User 98,user98@example.com,2024-02-08T10:54:59.860497
user_99,User 99,user99@example.com,2023-11-12T10:54:59.860499
user_100,User 100,user100@example.com,2023-07-20T10:54:59.860502
